id,conversation_id,referenced_tweets.replied_to.id,referenced_tweets.retweeted.id,referenced_tweets.quoted.id,author_id,in_reply_to_user_id,retweeted_user_id,quoted_user_id,created_at,text,lang,source,public_metrics.like_count,public_metrics.quote_count,public_metrics.reply_count,public_metrics.retweet_count,reply_settings,possibly_sensitive,withheld.scope,withheld.copyright,withheld.country_codes,entities.annotations,entities.cashtags,entities.hashtags,entities.mentions,entities.urls,context_annotations,attachments.media,attachments.media_keys,attachments.poll.duration_minutes,attachments.poll.end_datetime,attachments.poll.id,attachments.poll.options,attachments.poll.voting_status,attachments.poll_ids,author.id,author.created_at,author.username,author.name,author.description,author.entities.description.cashtags,author.entities.description.hashtags,author.entities.description.mentions,author.entities.description.urls,author.entities.url.urls,author.location,author.pinned_tweet_id,author.profile_image_url,author.protected,author.public_metrics.followers_count,author.public_metrics.following_count,author.public_metrics.listed_count,author.public_metrics.tweet_count,author.url,author.verified,author.withheld.scope,author.withheld.copyright,author.withheld.country_codes,geo.coordinates.coordinates,geo.coordinates.type,geo.country,geo.country_code,geo.full_name,geo.geo.bbox,geo.geo.type,geo.id,geo.name,geo.place_id,geo.place_type,__twarc.retrieved_at,__twarc.url,__twarc.version,
1344795369335492608,1344775751149572096,1344794727946674178,,,240699571,937041511069360128,,,2020-12-31T23:59:35.000Z,"@dave_universetf @bradfitz @apenwarr Well, let me try to describe the problem I'm trying to deal with better. Devs running containers locally that need to be accessible by remote systems while the client VPN enabling that connectivity does not run in docker networking space.",en,Twitter Web App,0,0,0,0,everyone,False,,,,"[{""start"": 204, ""end"": 206, ""probability"": 0.411, ""type"": ""Product"", ""normalized_text"": ""VPN""}]",,,"[{""start"": 0, ""end"": 16, ""username"": ""dave_universetf"", ""id"": ""937041511069360128"", ""created_at"": ""2017-12-02T19:31:20.000Z"", ""verified"": false, ""public_metrics"": {""followers_count"": 6206, ""following_count"": 255, ""tweet_count"": 14128, ""listed_count"": 89}, ""profile_image_url"": ""https://pbs.twimg.com/profile_images/937053015156047872/hBMouxCB_normal.jpg"", ""entities"": {""url"": {""urls"": [{""start"": 0, ""end"": 23, ""url"": ""https://t.co/0uFP0ln4oP"", ""expanded_url"": ""https://www.dave.tf"", ""display_url"": ""dave.tf""}]}, ""description"": {""mentions"": [{""start"": 74, ""end"": 84, ""username"": ""Tailscale""}, {""start"": 140, ""end"": 156, ""username"": ""internetbadmkay""}]}}, ""protected"": false, ""url"": ""https://t.co/0uFP0ln4oP"", ""name"": ""Dave Anderson"", ""pinned_tweet_id"": ""1416242548385845250"", ""description"": ""Tinkerer, distributed systems, nerd. Fixing all networks once and for all @Tailscale, with WireGuard and magic. He/Him. Less public toughts @internetbadmkay""}, {""start"": 17, ""end"": 26, ""username"": ""bradfitz"", ""id"": ""650013"", ""location"": ""Seattle, WA // Bainbridge"", ""created_at"": ""2007-01-16T23:05:57.000Z"", ""verified"": true, ""public_metrics"": {""followers_count"": 52652, ""following_count"": 1394, ""tweet_count"": 25842, ""listed_count"": 1400}, ""profile_image_url"": ""https://pbs.twimg.com/profile_images/1350628585942388740/5nPKOyDc_normal.jpg"", ""entities"": {""url"": {""urls"": [{""start"": 0, ""end"": 23, ""url"": ""https://t.co/skWPFHGkLA"", ""expanded_url"": ""http://bradfitz.com/"", ""display_url"": ""bradfitz.com""}]}, ""description"": {""mentions"": [{""start"": 27, ""end"": 34, ""username"": ""radkat""}, {""start"": 55, ""end"": 62, ""username"": ""golang""}, {""start"": 107, ""end"": 117, ""username"": ""Tailscale""}]}}, ""protected"": false, ""url"": ""https://t.co/skWPFHGkLA"", ""name"": ""Brad Fitzpatrick \ud83c\udf3b"", ""description"": ""I do computers. Married to @radkat. Two sons. Xoogler. @golang team 2010~2020. Made LiveJournal. Currently @Tailscale making WireGuard easy.""}, {""start"": 27, ""end"": 36, ""username"": ""apenwarr"", ""id"": ""17744848"", ""location"": ""Canada. Sometimes."", ""created_at"": ""2008-11-30T00:06:04.000Z"", ""verified"": false, ""public_metrics"": {""followers_count"": 10112, ""following_count"": 2387, ""tweet_count"": 17568, ""listed_count"": 158}, ""profile_image_url"": ""https://pbs.twimg.com/profile_images/80041186/chicken_normal.gif"", ""entities"": {""url"": {""urls"": [{""start"": 0, ""end"": 23, ""url"": ""https://t.co/Y5m5KPuX87"", ""expanded_url"": ""http://apenwarr.ca/log/"", ""display_url"": ""apenwarr.ca/log/""}]}, ""description"": {""mentions"": [{""start"": 84, ""end"": 94, ""username"": ""Tailscale""}]}}, ""protected"": false, ""url"": ""https://t.co/Y5m5KPuX87"", ""name"": ""apenwarr"", ""pinned_tweet_id"": ""1527819583238848512"", ""description"": ""wvdial, bup, sshuttle, netselect, popularity-contest, redo, gfblip, GFiber, and now @Tailscale doing WireGuard mesh. Top search result for \""epic treatise.\""""}]",,,,,,,,,,,240699571,2011-01-20T14:50:41.000Z,admhall,Adam Hall,Infrastructure leader  @ Netflix,,,,,,"Los Angeles, CA",,https://pbs.twimg.com/profile_images/1287948022614130689/Y8BiuZIP_normal.jpg,False,66,297,1,19,,False,,,,,,,,,,,,,,,2022-06-16T21:29:38+00:00,https://api.twitter.com/2/tweets/search/all?expansions=author_id%2Cin_reply_to_user_id%2Creferenced_tweets.id%2Creferenced_tweets.id.author_id%2Centities.mentions.username%2Cattachments.poll_ids%2Cattachments.media_keys%2Cgeo.place_id&tweet.fields=attachments%2Cauthor_id%2Ccontext_annotations%2Cconversation_id%2Ccreated_at%2Centities%2Cgeo%2Cid%2Cin_reply_to_user_id%2Clang%2Cpublic_metrics%2Ctext%2Cpossibly_sensitive%2Creferenced_tweets%2Creply_settings%2Csource%2Cwithheld&user.fields=created_at%2Cdescription%2Centities%2Cid%2Clocation%2Cname%2Cpinned_tweet_id%2Cprofile_image_url%2Cprotected%2Cpublic_metrics%2Curl%2Cusername%2Cverified%2Cwithheld&media.fields=alt_text%2Cduration_ms%2Cheight%2Cmedia_key%2Cpreview_image_url%2Ctype%2Curl%2Cwidth%2Cpublic_metrics&poll.fields=duration_minutes%2Cend_datetime%2Cid%2Coptions%2Cvoting_status&place.fields=contained_within%2Ccountry%2Ccountry_code%2Cfull_name%2Cgeo%2Cid%2Cname%2Cplace_type&start_time=2020-01-01T00%3A00%3A00%2B00%3A00&end_time=2021-01-01T00%3A00%3A00%2B00%3A00&query=%28speedtest%29+OR+%28ookla%29+OR+%28networking%29&max_results=10,2.10.4,
1344795359328022528,1344746495199879168,1344794407636267009,,,1136373342007697413,1136373342007697413,,,2020-12-31T23:59:33.000Z,I was on clubhouse networking like fuck for these hemp leaves üíúüçÉ https://t.co/OFtZ3maeJf,en,Twitter for iPhone,0,0,1,1,everyone,False,,,,,,,,"[{""start"": 65, ""end"": 88, ""url"": ""https://t.co/OFtZ3maeJf"", ""expanded_url"": ""https://twitter.com/MeowMonet/status/1344795359328022528/photo/1"", ""display_url"": ""pic.twitter.com/OFtZ3maeJf"", ""media_key"": ""3_1344795353305010176""}, {""start"": 65, ""end"": 88, ""url"": ""https://t.co/OFtZ3maeJf"", ""expanded_url"": ""https://twitter.com/MeowMonet/status/1344795359328022528/photo/1"", ""display_url"": ""pic.twitter.com/OFtZ3maeJf"", ""media_key"": ""3_1344795353305018368""}]",,"[{""height"": 1536, ""type"": ""photo"", ""width"": 2048, ""media_key"": ""3_1344795353305010176"", ""url"": ""https://pbs.twimg.com/media/EqmsP7FXUAA7FiT.jpg""}, {""height"": 1642, ""type"": ""photo"", ""width"": 2048, ""media_key"": ""3_1344795353305018368"", ""url"": ""https://pbs.twimg.com/media/EqmsP7FXcAAD_Ms.jpg""}]","[""3_1344795353305010176"", ""3_1344795353305018368""]",,,,,,,1136373342007697413,2019-06-05T20:44:52.000Z,MeowMonet,Chynaüíì,My main goal is to glo up & act like I don‚Äôt know nobody ‚ú®I‚Äôm an artist and I‚Äôm sensitive about my shit. check it out @ meowmonetcrafts üíì,,,,,"[{""start"": 0, ""end"": 23, ""url"": ""https://t.co/hXJIL2CFCu"", ""expanded_url"": ""https://linktr.ee/MeowMonet"", ""display_url"": ""linktr.ee/MeowMonet""}]","Chicago, IL",1512936539772305415,https://pbs.twimg.com/profile_images/1535873374261477376/Sh6uoGnU_normal.jpg,False,621,571,2,25596,https://t.co/hXJIL2CFCu,False,,,,,,,,,,,,,,,2022-06-16T21:29:38+00:00,https://api.twitter.com/2/tweets/search/all?expansions=author_id%2Cin_reply_to_user_id%2Creferenced_tweets.id%2Creferenced_tweets.id.author_id%2Centities.mentions.username%2Cattachments.poll_ids%2Cattachments.media_keys%2Cgeo.place_id&tweet.fields=attachments%2Cauthor_id%2Ccontext_annotations%2Cconversation_id%2Ccreated_at%2Centities%2Cgeo%2Cid%2Cin_reply_to_user_id%2Clang%2Cpublic_metrics%2Ctext%2Cpossibly_sensitive%2Creferenced_tweets%2Creply_settings%2Csource%2Cwithheld&user.fields=created_at%2Cdescription%2Centities%2Cid%2Clocation%2Cname%2Cpinned_tweet_id%2Cprofile_image_url%2Cprotected%2Cpublic_metrics%2Curl%2Cusername%2Cverified%2Cwithheld&media.fields=alt_text%2Cduration_ms%2Cheight%2Cmedia_key%2Cpreview_image_url%2Ctype%2Curl%2Cwidth%2Cpublic_metrics&poll.fields=duration_minutes%2Cend_datetime%2Cid%2Coptions%2Cvoting_status&place.fields=contained_within%2Ccountry%2Ccountry_code%2Cfull_name%2Cgeo%2Cid%2Cname%2Cplace_type&start_time=2020-01-01T00%3A00%3A00%2B00%3A00&end_time=2021-01-01T00%3A00%3A00%2B00%3A00&query=%28speedtest%29+OR+%28ookla%29+OR+%28networking%29&max_results=10,2.10.4,
1344795343691497472,1344795343691497472,,1344707465112391687,,1111991,,1054739762815234048,,2020-12-31T23:59:29.000Z,What are some of the biggest unsolved problems in P2P networking?,en,Twitter Web App,9,0,2,3,everyone,False,,,,,,,"[{""start"": 3, ""end"": 18, ""username"": ""badcryptobitch"", ""id"": ""1054739762815234048"", ""created_at"": ""2018-10-23T14:22:10.000Z"", ""verified"": false, ""public_metrics"": {""followers_count"": 3987, ""following_count"": 195, ""tweet_count"": 14312, ""listed_count"": 136}, ""profile_image_url"": ""https://pbs.twimg.com/profile_images/1057249670475456512/k1TCqYF0_normal.jpg"", ""entities"": {""url"": {""urls"": [{""start"": 0, ""end"": 23, ""url"": ""https://t.co/5gg4XEyMGF"", ""expanded_url"": ""http://hashcloak.com"", ""display_url"": ""hashcloak.com""}]}, ""description"": {""mentions"": [{""start"": 9, ""end"": 21, ""username"": ""MesonMixnet""}, {""start"": 22, ""end"": 32, ""username"": ""MesonSafe""}, {""start"": 33, ""end"": 48, ""username"": ""StoffelFinance""}, {""start"": 52, ""end"": 62, ""username"": ""hashcloak""}, {""start"": 69, ""end"": 84, ""username"": ""seriouscryptob""}]}}, ""protected"": false, ""url"": ""https://t.co/5gg4XEyMGF"", ""name"": ""Mikerah"", ""pinned_tweet_id"": ""1504851953557327875"", ""description"": ""Building\n@MesonMixnet\n@MesonSafe\n@StoffelFinance\nat @hashcloak\n\nalt: @seriouscryptob""}]",,,,,,,,,,,1111991,2007-03-13T20:03:59.000Z,jemenger,Je-Meng,"""Juh-mung""\n\nSystempunk, community-builder. Helping scale up the Ethereum Foundation.",,,,,,,1519712979075358723,https://pbs.twimg.com/profile_images/2913729019/64edf0470d5b07960cf54ffbcc72a1c2_normal.jpeg,False,4533,3009,160,18038,,False,,,,,,,,,,,,,,,2022-06-16T21:29:38+00:00,https://api.twitter.com/2/tweets/search/all?expansions=author_id%2Cin_reply_to_user_id%2Creferenced_tweets.id%2Creferenced_tweets.id.author_id%2Centities.mentions.username%2Cattachments.poll_ids%2Cattachments.media_keys%2Cgeo.place_id&tweet.fields=attachments%2Cauthor_id%2Ccontext_annotations%2Cconversation_id%2Ccreated_at%2Centities%2Cgeo%2Cid%2Cin_reply_to_user_id%2Clang%2Cpublic_metrics%2Ctext%2Cpossibly_sensitive%2Creferenced_tweets%2Creply_settings%2Csource%2Cwithheld&user.fields=created_at%2Cdescription%2Centities%2Cid%2Clocation%2Cname%2Cpinned_tweet_id%2Cprofile_image_url%2Cprotected%2Cpublic_metrics%2Curl%2Cusername%2Cverified%2Cwithheld&media.fields=alt_text%2Cduration_ms%2Cheight%2Cmedia_key%2Cpreview_image_url%2Ctype%2Curl%2Cwidth%2Cpublic_metrics&poll.fields=duration_minutes%2Cend_datetime%2Cid%2Coptions%2Cvoting_status&place.fields=contained_within%2Ccountry%2Ccountry_code%2Cfull_name%2Cgeo%2Cid%2Cname%2Cplace_type&start_time=2020-01-01T00%3A00%3A00%2B00%3A00&end_time=2021-01-01T00%3A00%3A00%2B00%3A00&query=%28speedtest%29+OR+%28ookla%29+OR+%28networking%29&max_results=10,2.10.4,
1344795230814543872,1344795230814543872,,1344756205848297472,,1288409295474823176,,1172668611502235649,,2020-12-31T23:59:02.000Z,#NewMusic Drop A Like \n.\nhttps://t.co/TqM2AmVxo7\n.\n#share to your platforms tag me for #support @Rapz90 #instagram #twitter #rapper #unsigned #networking,en,Retweet bot bsd,23,1,6,10,everyone,False,,,,,,"[{""start"": 0, ""end"": 9, ""tag"": ""NewMusic""}, {""start"": 51, ""end"": 57, ""tag"": ""share""}, {""start"": 87, ""end"": 95, ""tag"": ""support""}, {""start"": 104, ""end"": 114, ""tag"": ""instagram""}, {""start"": 115, ""end"": 123, ""tag"": ""twitter""}, {""start"": 124, ""end"": 131, ""tag"": ""rapper""}, {""start"": 132, ""end"": 141, ""tag"": ""unsigned""}, {""start"": 142, ""end"": 153, ""tag"": ""networking""}]","[{""start"": 96, ""end"": 103, ""username"": ""rapz90"", ""id"": ""1172668611502235649"", ""location"": ""United Kingdom"", ""created_at"": ""2019-09-14T00:29:36.000Z"", ""verified"": false, ""public_metrics"": {""followers_count"": 6187, ""following_count"": 6212, ""tweet_count"": 22687, ""listed_count"": 33}, ""profile_image_url"": ""https://pbs.twimg.com/profile_images/1524920497774919688/IHpGMYtD_normal.jpg"", ""entities"": {""url"": {""urls"": [{""start"": 0, ""end"": 23, ""url"": ""https://t.co/hxWSzKe4nt"", ""expanded_url"": ""https://linktr.ee/RapzMusic"", ""display_url"": ""linktr.ee/RapzMusic""}]}, ""description"": {""hashtags"": [{""start"": 17, ""end"": 24, ""tag"": ""Rapz90""}], ""mentions"": [{""start"": 25, ""end"": 32, ""username"": ""Rapz90""}]}}, ""protected"": false, ""url"": ""https://t.co/hxWSzKe4nt"", ""name"": ""Rapz \ud83c\udff4\udb40\udc67\udb40\udc62\udb40\udc65\udb40\udc6e\udb40\udc67\udb40\udc7f"", ""pinned_tweet_id"": ""1537036850887540737"", ""description"": ""POSITIVITY IS \ud83d\udd11\n\n#Rapz90 @Rapz90""}]","[{""start"": 25, ""end"": 48, ""url"": ""https://t.co/TqM2AmVxo7"", ""expanded_url"": ""https://open.spotify.com/track/3VOoFnaT1i30eUIY5jfi2h?si=0SnjgrZdTH2ypb22BCk1Kw"", ""display_url"": ""open.spotify.com/track/3VOoFnaT\u2026"", ""status"": 200, ""unwound_url"": ""https://open.spotify.com/track/3VOoFnaT1i30eUIY5jfi2h?si=0SnjgrZdTH2ypb22BCk1Kw""}]","[{""domain"": {""id"": ""46"", ""name"": ""Brand Category"", ""description"": ""Categories within Brand Verticals that narrow down the scope of Brands""}, ""entity"": {""id"": ""781974596752842752"", ""name"": ""Services""}}, {""domain"": {""id"": ""47"", ""name"": ""Brand"", ""description"": ""Brands and Companies""}, ""entity"": {""id"": ""10045225402"", ""name"": ""Twitter""}}, {""domain"": {""id"": ""46"", ""name"": ""Brand Category"", ""description"": ""Categories within Brand Verticals that narrow down the scope of Brands""}, ""entity"": {""id"": ""781974596752842752"", ""name"": ""Services""}}, {""domain"": {""id"": ""47"", ""name"": ""Brand"", ""description"": ""Brands and Companies""}, ""entity"": {""id"": ""10041893684"", ""name"": ""Instagram""}}, {""domain"": {""id"": ""55"", ""name"": ""Music Genre"", ""description"": ""A category for a musical style, like Pop, Rock, or Rap""}, ""entity"": {""id"": ""810937888334487552"", ""name"": ""Rap"", ""description"": ""Hip-Hop/Rap""}}]",,,,,,,,,1288409295474823176,2020-07-29T09:41:38.000Z,SocialDesignCr1,Social Design Creative,We Help People & Organisations become badass!! ‚ú∞ https://t.co/TWWs1ObAOw ‚ú∞\n\nGet FREE Access to our Online Networking Events üëáüëá,,,,"[{""start"": 49, ""end"": 72, ""url"": ""https://t.co/TWWs1ObAOw"", ""expanded_url"": ""http://bysocialdesign.co.uk"", ""display_url"": ""bysocialdesign.co.uk""}]","[{""start"": 0, ""end"": 23, ""url"": ""https://t.co/IcS54jpaGV"", ""expanded_url"": ""https://networkingregistration.carrd.co/"", ""display_url"": ""networkingregistration.carrd.co""}]", üëâüëâ,,https://pbs.twimg.com/profile_images/1288409497795428352/Q_EfQ-Lp_normal.jpg,False,3698,2,26,110323,https://t.co/IcS54jpaGV,False,,,,,,,,,,,,,,,2022-06-16T21:29:38+00:00,https://api.twitter.com/2/tweets/search/all?expansions=author_id%2Cin_reply_to_user_id%2Creferenced_tweets.id%2Creferenced_tweets.id.author_id%2Centities.mentions.username%2Cattachments.poll_ids%2Cattachments.media_keys%2Cgeo.place_id&tweet.fields=attachments%2Cauthor_id%2Ccontext_annotations%2Cconversation_id%2Ccreated_at%2Centities%2Cgeo%2Cid%2Cin_reply_to_user_id%2Clang%2Cpublic_metrics%2Ctext%2Cpossibly_sensitive%2Creferenced_tweets%2Creply_settings%2Csource%2Cwithheld&user.fields=created_at%2Cdescription%2Centities%2Cid%2Clocation%2Cname%2Cpinned_tweet_id%2Cprofile_image_url%2Cprotected%2Cpublic_metrics%2Curl%2Cusername%2Cverified%2Cwithheld&media.fields=alt_text%2Cduration_ms%2Cheight%2Cmedia_key%2Cpreview_image_url%2Ctype%2Curl%2Cwidth%2Cpublic_metrics&poll.fields=duration_minutes%2Cend_datetime%2Cid%2Coptions%2Cvoting_status&place.fields=contained_within%2Ccountry%2Ccountry_code%2Cfull_name%2Cgeo%2Cid%2Cname%2Cplace_type&start_time=2020-01-01T00%3A00%3A00%2B00%3A00&end_time=2021-01-01T00%3A00%3A00%2B00%3A00&query=%28speedtest%29+OR+%28ookla%29+OR+%28networking%29&max_results=10,2.10.4,
1344795220408295424,1344795220408295424,,,,148697939,,,,2020-12-31T23:59:00.000Z,"Happy New Year! \n\nLets make 2021 a year to remember for all the right reasons!\n\nGary, John and David\nhttps://t.co/zVgX4wujyh\n\n#HappyNewYear2021 #smallbusinesssupport #networking #donusinesslocal https://t.co/nqDaAx6GCc",en,TweetDeck,3,0,2,0,everyone,False,,,,"[{""start"": 80, ""end"": 83, ""probability"": 0.7397, ""type"": ""Person"", ""normalized_text"": ""Gary""}, {""start"": 86, ""end"": 89, ""probability"": 0.9311, ""type"": ""Person"", ""normalized_text"": ""John""}, {""start"": 95, ""end"": 100, ""probability"": 0.5333, ""type"": ""Person"", ""normalized_text"": ""David""}]",,"[{""start"": 126, ""end"": 143, ""tag"": ""HappyNewYear2021""}, {""start"": 144, ""end"": 165, ""tag"": ""smallbusinesssupport""}, {""start"": 166, ""end"": 177, ""tag"": ""networking""}, {""start"": 178, ""end"": 194, ""tag"": ""donusinesslocal""}]",,"[{""start"": 101, ""end"": 124, ""url"": ""https://t.co/zVgX4wujyh"", ""expanded_url"": ""https://www.dobusinessnetwork.com/"", ""display_url"": ""dobusinessnetwork.com"", ""status"": 200, ""unwound_url"": ""https://www.dobusinessnetwork.com/""}, {""start"": 195, ""end"": 218, ""url"": ""https://t.co/nqDaAx6GCc"", ""expanded_url"": ""https://twitter.com/DoBizNetwork/status/1344795220408295424/video/1"", ""display_url"": ""pic.twitter.com/nqDaAx6GCc"", ""media_key"": ""7_1337081568540692485""}]","[{""domain"": {""id"": ""29"", ""name"": ""Events [Entity Service]"", ""description"": ""Entity Service related Events domain""}, ""entity"": {""id"": ""1319305164751163393"", ""name"": ""New Years Eve"", ""description"": ""This entity includes all conversations for New Years Eve for all years.""}}, {""domain"": {""id"": ""29"", ""name"": ""Events [Entity Service]"", ""description"": ""Entity Service related Events domain""}, ""entity"": {""id"": ""1338455498958368768"", ""name"": ""Happy New Year""}}, {""domain"": {""id"": ""119"", ""name"": ""Holiday"", ""description"": ""Holidays like Christmas or Halloween""}, ""entity"": {""id"": ""1319305164751163393"", ""name"": ""New Years Eve"", ""description"": ""This entity includes all conversations for New Years Eve for all years.""}}, {""domain"": {""id"": ""119"", ""name"": ""Holiday"", ""description"": ""Holidays like Christmas or Halloween""}, ""entity"": {""id"": ""1338455498958368768"", ""name"": ""Happy New Year""}}, {""domain"": {""id"": ""29"", ""name"": ""Events [Entity Service]"", ""description"": ""Entity Service related Events domain""}, ""entity"": {""id"": ""1338455498958368768"", ""name"": ""Happy New Year""}}, {""domain"": {""id"": ""119"", ""name"": ""Holiday"", ""description"": ""Holidays like Christmas or Halloween""}, ""entity"": {""id"": ""1338455498958368768"", ""name"": ""Happy New Year""}}]","[{""height"": 720, ""preview_image_url"": ""https://pbs.twimg.com/ext_tw_video_thumb/1337081568540692485/pu/img/zoy_vJ6NBY99eCxb.jpg"", ""type"": ""video"", ""width"": 1280, ""media_key"": ""7_1337081568540692485"", ""duration_ms"": 10434, ""public_metrics"": {""view_count"": 19}}]","[""7_1337081568540692485""]",,,,,,,148697939,2010-05-27T11:14:03.000Z,DoBizNetwork,DBN,"Award-winning vibrant & energetic business network for small businesses in the North East. Making networking fun, welcoming & helping them work & grow together.",,,,,"[{""start"": 0, ""end"": 23, ""url"": ""https://t.co/veBXfBrs8v"", ""expanded_url"": ""http://www.dobusinessnetwork.com"", ""display_url"": ""dobusinessnetwork.com""}]","North East, England",1239879429876260864,https://pbs.twimg.com/profile_images/973644077353852928/eIs0NyPG_normal.jpg,False,1007,767,19,2757,https://t.co/veBXfBrs8v,False,,,,,,,,,,,,,,,2022-06-16T21:29:38+00:00,https://api.twitter.com/2/tweets/search/all?expansions=author_id%2Cin_reply_to_user_id%2Creferenced_tweets.id%2Creferenced_tweets.id.author_id%2Centities.mentions.username%2Cattachments.poll_ids%2Cattachments.media_keys%2Cgeo.place_id&tweet.fields=attachments%2Cauthor_id%2Ccontext_annotations%2Cconversation_id%2Ccreated_at%2Centities%2Cgeo%2Cid%2Cin_reply_to_user_id%2Clang%2Cpublic_metrics%2Ctext%2Cpossibly_sensitive%2Creferenced_tweets%2Creply_settings%2Csource%2Cwithheld&user.fields=created_at%2Cdescription%2Centities%2Cid%2Clocation%2Cname%2Cpinned_tweet_id%2Cprofile_image_url%2Cprotected%2Cpublic_metrics%2Curl%2Cusername%2Cverified%2Cwithheld&media.fields=alt_text%2Cduration_ms%2Cheight%2Cmedia_key%2Cpreview_image_url%2Ctype%2Curl%2Cwidth%2Cpublic_metrics&poll.fields=duration_minutes%2Cend_datetime%2Cid%2Coptions%2Cvoting_status&place.fields=contained_within%2Ccountry%2Ccountry_code%2Cfull_name%2Cgeo%2Cid%2Cname%2Cplace_type&start_time=2020-01-01T00%3A00%3A00%2B00%3A00&end_time=2021-01-01T00%3A00%3A00%2B00%3A00&query=%28speedtest%29+OR+%28ookla%29+OR+%28networking%29&max_results=10,2.10.4,
1344795064166469633,1344795064166469633,,,,965757214693740544,14104847,,,2020-12-31T23:58:23.000Z,@comcastcares I'm paying for gigabit speeds but I'm currently only getting 16 megabit.\n(Automatic notification when speedtest reports under 100 megabit)\n 2020-12-31 05:58:00 PM CST,en,Twitter,0,0,0,0,everyone,False,,,,,,,,,"[{""domain"": {""id"": ""46"", ""name"": ""Brand Category"", ""description"": ""Categories within Brand Verticals that narrow down the scope of Brands""}, ""entity"": {""id"": ""781974596165640192"", ""name"": ""Telco""}}, {""domain"": {""id"": ""47"", ""name"": ""Brand"", ""description"": ""Brands and Companies""}, ""entity"": {""id"": ""10026876715"", ""name"": ""Comcast""}}]",,,,,,,,,965757214693740544,2018-02-20T01:17:17.000Z,cr4zymanz0r,Crazy,I'm into retro video games and begrudgingly use social media because it's my only option for communication with some people.,,,,,,,,https://pbs.twimg.com/profile_images/986446905495322624/O4nXWA21_normal.jpg,False,19,63,1,984,,False,,,,,,,,,,,,,,,2022-06-16T21:29:38+00:00,https://api.twitter.com/2/tweets/search/all?expansions=author_id%2Cin_reply_to_user_id%2Creferenced_tweets.id%2Creferenced_tweets.id.author_id%2Centities.mentions.username%2Cattachments.poll_ids%2Cattachments.media_keys%2Cgeo.place_id&tweet.fields=attachments%2Cauthor_id%2Ccontext_annotations%2Cconversation_id%2Ccreated_at%2Centities%2Cgeo%2Cid%2Cin_reply_to_user_id%2Clang%2Cpublic_metrics%2Ctext%2Cpossibly_sensitive%2Creferenced_tweets%2Creply_settings%2Csource%2Cwithheld&user.fields=created_at%2Cdescription%2Centities%2Cid%2Clocation%2Cname%2Cpinned_tweet_id%2Cprofile_image_url%2Cprotected%2Cpublic_metrics%2Curl%2Cusername%2Cverified%2Cwithheld&media.fields=alt_text%2Cduration_ms%2Cheight%2Cmedia_key%2Cpreview_image_url%2Ctype%2Curl%2Cwidth%2Cpublic_metrics&poll.fields=duration_minutes%2Cend_datetime%2Cid%2Coptions%2Cvoting_status&place.fields=contained_within%2Ccountry%2Ccountry_code%2Cfull_name%2Cgeo%2Cid%2Cname%2Cplace_type&start_time=2020-01-01T00%3A00%3A00%2B00%3A00&end_time=2021-01-01T00%3A00%3A00%2B00%3A00&query=%28speedtest%29+OR+%28ookla%29+OR+%28networking%29&max_results=10,2.10.4,
1344794988828364803,1344794988828364803,,1344755391557734401,,506386001,,60327493,,2020-12-31T23:58:05.000Z,"#ÿπÿßÿ¨ŸÑ\n\n""ÿ≤ŸäŸÜ ÿßŸÑÿ≥ÿπŸàÿØŸäÿ©"" ÿ™ŸÅŸàÿ≤ ÿ®ÿ¨ÿßÿ¶ÿ≤ÿ© SpeedTest ŸÑÿ£ÿ≥ÿ±ÿπ ÿ•ŸÜÿ™ÿ±ŸÜÿ™ ŸÖŸÜÿ≤ŸÑŸä ŸÅŸä ÿßŸÑŸÖŸÖŸÑŸÉÿ© ÿÆŸÑÿßŸÑ ÿßŸÑÿπÿßŸÖ 2020.\n\nhttps://t.co/y0pkifpSi5 https://t.co/A06py6bh0r",ar,Twitter for Android,38,1,33,17,everyone,False,,,,"[{""start"": 12, ""end"": 19, ""probability"": 0.6495, ""type"": ""Place"", ""normalized_text"": ""\u0627\u0644\u0633\u0639\u0648\u062f\u064a\u0629""}]",,"[{""start"": 0, ""end"": 5, ""tag"": ""\u0639\u0627\u062c\u0644""}]",,"[{""start"": 92, ""end"": 115, ""url"": ""https://t.co/y0pkifpSi5"", ""expanded_url"": ""https://sabq.org/7LQS8K"", ""display_url"": ""sabq.org/7LQS8K""}, {""start"": 116, ""end"": 139, ""url"": ""https://t.co/A06py6bh0r"", ""expanded_url"": ""https://twitter.com/sabqorg/status/1344755391557734401/photo/1"", ""display_url"": ""pic.twitter.com/A06py6bh0r"", ""media_key"": ""3_1344755351707648002""}]","[{""domain"": {""id"": ""46"", ""name"": ""Brand Category"", ""description"": ""Categories within Brand Verticals that narrow down the scope of Brands""}, ""entity"": {""id"": ""781974596157181956"", ""name"": ""Online Site""}}, {""domain"": {""id"": ""46"", ""name"": ""Brand Category"", ""description"": ""Categories within Brand Verticals that narrow down the scope of Brands""}, ""entity"": {""id"": ""781974596165640192"", ""name"": ""Telco""}}, {""domain"": {""id"": ""47"", ""name"": ""Brand"", ""description"": ""Brands and Companies""}, ""entity"": {""id"": ""1105442327357607936"", ""name"": ""Sabq News (\u0635\u062d\u064a\u0641\u0629 \u0633\u0628\u0642 \u0627\u0644\u0625\u0644\u0643\u062a\u0631\u0648\u0646\u064a\u0629)""}}, {""domain"": {""id"": ""47"", ""name"": ""Brand"", ""description"": ""Brands and Companies""}, ""entity"": {""id"": ""1128290596253093889"", ""name"": ""Zain KSA (\u0632\u064a\u0646 \u0627\u0644\u0633\u0639\u0648\u062f\u064a\u0629)""}}, {""domain"": {""id"": ""30"", ""name"": ""Entities [Entity Service]"", ""description"": ""Entity Service top level domain, every item that is in Entity Service should be in this domain""}, ""entity"": {""id"": ""848920371311001600"", ""name"": ""Technology"", ""description"": ""Technology and computing""}}]",[{}],"[""3_1344755351707648002""]",,,,,,,506386001,2012-02-27T20:52:13.000Z,AmandaFu,amanda fu,,,,,,,,,https://pbs.twimg.com/profile_images/411798068783099905/X1aLkqDo_normal.jpeg,False,272,712,6,47321,,False,,,,,,,,,,,,,,,2022-06-16T21:29:38+00:00,https://api.twitter.com/2/tweets/search/all?expansions=author_id%2Cin_reply_to_user_id%2Creferenced_tweets.id%2Creferenced_tweets.id.author_id%2Centities.mentions.username%2Cattachments.poll_ids%2Cattachments.media_keys%2Cgeo.place_id&tweet.fields=attachments%2Cauthor_id%2Ccontext_annotations%2Cconversation_id%2Ccreated_at%2Centities%2Cgeo%2Cid%2Cin_reply_to_user_id%2Clang%2Cpublic_metrics%2Ctext%2Cpossibly_sensitive%2Creferenced_tweets%2Creply_settings%2Csource%2Cwithheld&user.fields=created_at%2Cdescription%2Centities%2Cid%2Clocation%2Cname%2Cpinned_tweet_id%2Cprofile_image_url%2Cprotected%2Cpublic_metrics%2Curl%2Cusername%2Cverified%2Cwithheld&media.fields=alt_text%2Cduration_ms%2Cheight%2Cmedia_key%2Cpreview_image_url%2Ctype%2Curl%2Cwidth%2Cpublic_metrics&poll.fields=duration_minutes%2Cend_datetime%2Cid%2Coptions%2Cvoting_status&place.fields=contained_within%2Ccountry%2Ccountry_code%2Cfull_name%2Cgeo%2Cid%2Cname%2Cplace_type&start_time=2020-01-01T00%3A00%3A00%2B00%3A00&end_time=2021-01-01T00%3A00%3A00%2B00%3A00&query=%28speedtest%29+OR+%28ookla%29+OR+%28networking%29&max_results=10,2.10.4,
1344794984814235648,1344794984814235648,,1344639430393528320,,1414821715,,1271219608389849088,,2020-12-31T23:58:04.000Z,Today is the last day to enter the contest for 2 people to win this set of books to jump start their career in networking and the new year! Contest ends at midnight tonight PST we will draw and announce the winners tomorrow morning! #aone #ccna #ciscocert https://t.co/ABRW5WCkbt https://t.co/TUYX0NXyK6,en,Twitter for iPhone,29,5,1,10,everyone,False,,,,,,"[{""start"": 233, ""end"": 238, ""tag"": ""aone""}, {""start"": 239, ""end"": 244, ""tag"": ""ccna""}, {""start"": 245, ""end"": 255, ""tag"": ""ciscocert""}]",,"[{""start"": 256, ""end"": 279, ""url"": ""https://t.co/ABRW5WCkbt"", ""expanded_url"": ""https://gleam.io/7eFVb/aone-ccna-kit-giveaway"", ""display_url"": ""gleam.io/7eFVb/aone-ccn\u2026"", ""status"": 200, ""unwound_url"": ""https://gleam.io/7eFVb/aone-ccna-kit-giveaway""}, {""start"": 280, ""end"": 303, ""url"": ""https://t.co/TUYX0NXyK6"", ""expanded_url"": ""https://twitter.com/artofneteng/status/1344639430393528320/photo/1"", ""display_url"": ""pic.twitter.com/TUYX0NXyK6"", ""media_key"": ""3_1344639423997243392""}]","[{""domain"": {""id"": ""29"", ""name"": ""Events [Entity Service]"", ""description"": ""Entity Service related Events domain""}, ""entity"": {""id"": ""1319305164751163393"", ""name"": ""New Years Eve"", ""description"": ""This entity includes all conversations for New Years Eve for all years.""}}, {""domain"": {""id"": ""29"", ""name"": ""Events [Entity Service]"", ""description"": ""Entity Service related Events domain""}, ""entity"": {""id"": ""1338455498958368768"", ""name"": ""Happy New Year""}}, {""domain"": {""id"": ""65"", ""name"": ""Interests and Hobbies Vertical"", ""description"": ""Top level interests and hobbies groupings, like Food or Travel""}, ""entity"": {""id"": ""847544972781826048"", ""name"": ""Careers"", ""description"": ""Careers""}}, {""domain"": {""id"": ""119"", ""name"": ""Holiday"", ""description"": ""Holidays like Christmas or Halloween""}, ""entity"": {""id"": ""1319305164751163393"", ""name"": ""New Years Eve"", ""description"": ""This entity includes all conversations for New Years Eve for all years.""}}, {""domain"": {""id"": ""119"", ""name"": ""Holiday"", ""description"": ""Holidays like Christmas or Halloween""}, ""entity"": {""id"": ""1338455498958368768"", ""name"": ""Happy New Year""}}, {""domain"": {""id"": ""30"", ""name"": ""Entities [Entity Service]"", ""description"": ""Entity Service top level domain, every item that is in Entity Service should be in this domain""}, ""entity"": {""id"": ""848920371311001600"", ""name"": ""Technology"", ""description"": ""Technology and computing""}}, {""domain"": {""id"": ""66"", ""name"": ""Interests and Hobbies Category"", ""description"": ""A grouping of interests and hobbies entities, like Novelty Food or Destinations""}, ""entity"": {""id"": ""848921279302258692"", ""name"": ""Computer certification"", ""description"": ""Computer certification""}}, {""domain"": {""id"": ""29"", ""name"": ""Events [Entity Service]"", ""description"": ""Entity Service related Events domain""}, ""entity"": {""id"": ""1338455498958368768"", ""name"": ""Happy New Year""}}, {""domain"": {""id"": ""119"", ""name"": ""Holiday"", ""description"": ""Holidays like Christmas or Halloween""}, ""entity"": {""id"": ""1338455498958368768"", ""name"": ""Happy New Year""}}]",[{}],"[""3_1344639423997243392""]",,,,,,,1414821715,2013-05-09T06:49:35.000Z,NetSecWheezy,Wheezy,Purple Team Is The Way. #SqueakerSquad. CCNA R&S Sec+  Network Security Engineer,,"[{""start"": 24, ""end"": 38, ""tag"": ""SqueakerSquad""}]",,,,A Toybox Near You,,https://pbs.twimg.com/profile_images/626647892502056960/8jDVLR6P_normal.jpg,False,818,2656,23,6839,,False,,,,,,,,,,,,,,,2022-06-16T21:29:38+00:00,https://api.twitter.com/2/tweets/search/all?expansions=author_id%2Cin_reply_to_user_id%2Creferenced_tweets.id%2Creferenced_tweets.id.author_id%2Centities.mentions.username%2Cattachments.poll_ids%2Cattachments.media_keys%2Cgeo.place_id&tweet.fields=attachments%2Cauthor_id%2Ccontext_annotations%2Cconversation_id%2Ccreated_at%2Centities%2Cgeo%2Cid%2Cin_reply_to_user_id%2Clang%2Cpublic_metrics%2Ctext%2Cpossibly_sensitive%2Creferenced_tweets%2Creply_settings%2Csource%2Cwithheld&user.fields=created_at%2Cdescription%2Centities%2Cid%2Clocation%2Cname%2Cpinned_tweet_id%2Cprofile_image_url%2Cprotected%2Cpublic_metrics%2Curl%2Cusername%2Cverified%2Cwithheld&media.fields=alt_text%2Cduration_ms%2Cheight%2Cmedia_key%2Cpreview_image_url%2Ctype%2Curl%2Cwidth%2Cpublic_metrics&poll.fields=duration_minutes%2Cend_datetime%2Cid%2Coptions%2Cvoting_status&place.fields=contained_within%2Ccountry%2Ccountry_code%2Cfull_name%2Cgeo%2Cid%2Cname%2Cplace_type&start_time=2020-01-01T00%3A00%3A00%2B00%3A00&end_time=2021-01-01T00%3A00%3A00%2B00%3A00&query=%28speedtest%29+OR+%28ookla%29+OR+%28networking%29&max_results=10,2.10.4,
1344794956368666625,1344794956368666625,,,,746717378835185664,,,,2020-12-31T23:57:57.000Z,I had some dope music come out this year but for the most part I didn‚Äôt really drop that much. 2020 for me was all about establishing connects / networking outside of my comfort zone and I love the new friends I‚Äôve made! 2021 will be the year that history is made! Love y‚Äôall! üíñ,en,Twitter for iPad,23,0,1,1,everyone,False,,,,,,,,,"[{""domain"": {""id"": ""65"", ""name"": ""Interests and Hobbies Vertical"", ""description"": ""Top level interests and hobbies groupings, like Food or Travel""}, ""entity"": {""id"": ""847868745150119936"", ""name"": ""Family & relationships"", ""description"": ""Hobbies and interests""}}, {""domain"": {""id"": ""30"", ""name"": ""Entities [Entity Service]"", ""description"": ""Entity Service top level domain, every item that is in Entity Service should be in this domain""}, ""entity"": {""id"": ""1047111583309029381"", ""name"": ""History"", ""description"": ""History""}}]",,,,,,,,,746717378835185664,2016-06-25T14:51:11.000Z,King_Louverture,Louvertureüõ∏üèÅ,22 | Heavenly. Divine. Royalty | Musical Artist | Rapper | Singer | Songwriter | Business Email : Heavenlydivineroyalty@gmail.com,,,,,"[{""start"": 0, ""end"": 23, ""url"": ""https://t.co/NdsEYo0NQ1"", ""expanded_url"": ""https://linktr.ee/Louverture"", ""display_url"": ""linktr.ee/Louverture""}]",Team Future,1441203268152033286,https://pbs.twimg.com/profile_images/1531742960831893505/Wfx8W6nF_normal.jpg,False,1979,559,4,15508,https://t.co/NdsEYo0NQ1,False,,,,,,,,,,,,,,,2022-06-16T21:29:38+00:00,https://api.twitter.com/2/tweets/search/all?expansions=author_id%2Cin_reply_to_user_id%2Creferenced_tweets.id%2Creferenced_tweets.id.author_id%2Centities.mentions.username%2Cattachments.poll_ids%2Cattachments.media_keys%2Cgeo.place_id&tweet.fields=attachments%2Cauthor_id%2Ccontext_annotations%2Cconversation_id%2Ccreated_at%2Centities%2Cgeo%2Cid%2Cin_reply_to_user_id%2Clang%2Cpublic_metrics%2Ctext%2Cpossibly_sensitive%2Creferenced_tweets%2Creply_settings%2Csource%2Cwithheld&user.fields=created_at%2Cdescription%2Centities%2Cid%2Clocation%2Cname%2Cpinned_tweet_id%2Cprofile_image_url%2Cprotected%2Cpublic_metrics%2Curl%2Cusername%2Cverified%2Cwithheld&media.fields=alt_text%2Cduration_ms%2Cheight%2Cmedia_key%2Cpreview_image_url%2Ctype%2Curl%2Cwidth%2Cpublic_metrics&poll.fields=duration_minutes%2Cend_datetime%2Cid%2Coptions%2Cvoting_status&place.fields=contained_within%2Ccountry%2Ccountry_code%2Cfull_name%2Cgeo%2Cid%2Cname%2Cplace_type&start_time=2020-01-01T00%3A00%3A00%2B00%3A00&end_time=2021-01-01T00%3A00%3A00%2B00%3A00&query=%28speedtest%29+OR+%28ookla%29+OR+%28networking%29&max_results=10,2.10.4,
1344794876043358210,1344794876043358210,,1344792340909719553,,1194134565779951616,,1254172911092588544,,2020-12-31T23:57:38.000Z,Fllics - social networking https://t.co/kcBhpbaaip,en,Twitter Web App,36,0,1,4,everyone,False,,,,,,,,"[{""start"": 27, ""end"": 50, ""url"": ""https://t.co/kcBhpbaaip"", ""expanded_url"": ""https://fllics.com/f/photo/view/5084/latest"", ""display_url"": ""fllics.com/f/photo/view/5\u2026"", ""status"": 404, ""unwound_url"": ""https://fllics.com/f/photo/view/5084/latest""}]",,,,,,,,,,1194134565779951616,2019-11-12T06:07:38.000Z,JennyTheLewd1,Jenny The Lewd,Ôº∞ÔΩíÔΩâÔΩçÔΩÖÔΩíÔΩè  ÔΩçÔΩÖ ÔΩÖÔΩòÔΩâÔΩîÔΩèÔºå ÔΩåÔΩïÔΩÖÔΩáÔΩè ÔΩÖÔΩòÔΩâÔΩìÔΩîÔΩè\n\n\nüîûüÑΩüÖÇüÑµüÖÜüîû\nüÑ±üÑ∞üÑ≥ üÑ¥üÑΩüÑ∂üÑªüÑ∏üÖÇüÑ∑\nüÑ∞üÖÇüÑ∫ 4 üÑ∞üÖÅüÖÉüÖÉüÖÅüÑ∞üÑ≥üÑ¥üÖÇ\n\nü¶ÄüßÄ,,,,,,Mi casa,1536990289604247552,https://pbs.twimg.com/profile_images/1495588939679379460/eMO5t7MC_normal.jpg,False,906,1738,7,12946,,False,,,,,,,,,,,,,,,2022-06-16T21:29:38+00:00,https://api.twitter.com/2/tweets/search/all?expansions=author_id%2Cin_reply_to_user_id%2Creferenced_tweets.id%2Creferenced_tweets.id.author_id%2Centities.mentions.username%2Cattachments.poll_ids%2Cattachments.media_keys%2Cgeo.place_id&tweet.fields=attachments%2Cauthor_id%2Ccontext_annotations%2Cconversation_id%2Ccreated_at%2Centities%2Cgeo%2Cid%2Cin_reply_to_user_id%2Clang%2Cpublic_metrics%2Ctext%2Cpossibly_sensitive%2Creferenced_tweets%2Creply_settings%2Csource%2Cwithheld&user.fields=created_at%2Cdescription%2Centities%2Cid%2Clocation%2Cname%2Cpinned_tweet_id%2Cprofile_image_url%2Cprotected%2Cpublic_metrics%2Curl%2Cusername%2Cverified%2Cwithheld&media.fields=alt_text%2Cduration_ms%2Cheight%2Cmedia_key%2Cpreview_image_url%2Ctype%2Curl%2Cwidth%2Cpublic_metrics&poll.fields=duration_minutes%2Cend_datetime%2Cid%2Coptions%2Cvoting_status&place.fields=contained_within%2Ccountry%2Ccountry_code%2Cfull_name%2Cgeo%2Cid%2Cname%2Cplace_type&start_time=2020-01-01T00%3A00%3A00%2B00%3A00&end_time=2021-01-01T00%3A00%3A00%2B00%3A00&query=%28speedtest%29+OR+%28ookla%29+OR+%28networking%29&max_results=10,2.10.4,
